x coord.,y coord,yaw,time
[0],[0],[-0.07594843],Mon Mar 14 16:18:53 2022
[0.],[0.],[-6.44043024],Mon Mar 14 16:18:53 2022
[3.02561423],[-1.30320682],[-8.0184208],Mon Mar 14 16:18:53 2022
[3.6679053],[-1.58003348],[-8.44330376],Mon Mar 14 16:18:53 2022
[3.80702511],[-1.63922759],[-8.49419707],Mon Mar 14 16:18:53 2022
[3.83741426],[-1.65215657],[-8.46065483],Mon Mar 14 16:18:53 2022
[3.84417822],[-1.65513927],[-8.45053776],Mon Mar 14 16:18:53 2022
[3.84635822],[-1.65592515],[-8.44489013],Mon Mar 14 16:18:53 2022
[3.84703728],[-1.65658068],[-8.41739964],Mon Mar 14 16:18:53 2022
[3.84715185],[-1.65690112],[-8.42665448],Mon Mar 14 16:18:53 2022
[3.84745693],[-1.65705111],[-8.42685204],Mon Mar 14 16:18:53 2022
[3.84747713],[-1.65712662],[-8.42163971],Mon Mar 14 16:18:53 2022
[3.84776568],[-1.6576025],[-8.43184089],Mon Mar 14 16:18:53 2022
[3.84800656],[-1.65788121],[-8.44905864],Mon Mar 14 16:18:53 2022
[3.84830931],[-1.6579537],[-8.44644144],Mon Mar 14 16:18:53 2022
[3.84856711],[-1.65820982],[-8.45825838],Mon Mar 14 16:18:53 2022
[3.8487166],[-1.65827066],[-8.45815747],Mon Mar 14 16:18:53 2022
[3.84872894],[-1.65834906],[-8.4415542],Mon Mar 14 16:18:53 2022
[3.84888014],[-1.6582053],[-8.42623259],Mon Mar 14 16:18:54 2022
[3.84931011],[-1.65851553],[-8.41831947],Mon Mar 14 16:18:54 2022
[3.84920973],[-1.65805441],[-8.44361151],Mon Mar 14 16:18:54 2022
[3.84922122],[-1.65768335],[-8.48459951],Mon Mar 14 16:18:54 2022
[3.84888764],[-1.65654613],[-8.51466358],Mon Mar 14 16:18:54 2022
[3.84795974],[-1.65550719],[-8.51545787],Mon Mar 14 16:18:54 2022
[3.84712506],[-1.65397686],[-8.51474644],Mon Mar 14 16:18:54 2022
[3.84559232],[-1.65307285],[-8.62570083],Mon Mar 14 16:18:54 2022
[3.83681848],[-1.64727414],[-8.690235],Mon Mar 14 16:18:54 2022
[3.83323449],[-1.64564683],[-8.75555873],Mon Mar 14 16:18:54 2022
[3.82988885],[-1.64442107],[-8.81802698],Mon Mar 14 16:18:54 2022
[3.82730779],[-1.64224863],[-8.91307699],Mon Mar 14 16:18:54 2022
[3.823859],[-1.64042994],[-9.10568182],Mon Mar 14 16:18:54 2022
[3.81649114],[-1.63658474],[-9.19975597],Mon Mar 14 16:18:54 2022
[3.81073006],[-1.63416199],[-9.21402537],Mon Mar 14 16:18:54 2022
[3.80508142],[-1.63100262],[-9.20535917],Mon Mar 14 16:18:54 2022
[3.80014564],[-1.62857298],[-9.09838776],Mon Mar 14 16:18:54 2022
[3.79265869],[-1.62395814],[-8.98309624],Mon Mar 14 16:18:55 2022
[3.78819228],[-1.62178509],[-8.83573087],Mon Mar 14 16:18:55 2022
[3.78292919],[-1.61815786],[-8.70634903],Mon Mar 14 16:18:55 2022
[3.77197669],[-1.61183929],[-8.53283492],Mon Mar 14 16:18:55 2022
[3.75827836],[-1.60370005],[-8.41642463],Mon Mar 14 16:18:55 2022
[3.7510696],[-1.59892259],[-8.43994643],Mon Mar 14 16:18:55 2022
[3.74539157],[-1.58799758],[-8.60045009],Mon Mar 14 16:18:55 2022
[3.73818302],[-1.58319566],[-9.19440989],Mon Mar 14 16:18:55 2022
[3.72607793],[-1.57689897],[-9.74329899],Mon Mar 14 16:18:55 2022
[3.71538669],[-1.57235588],[-10.58805699],Mon Mar 14 16:18:55 2022
[3.69273233],[-1.56633738],[-10.81979062],Mon Mar 14 16:18:55 2022
[3.67860465],[-1.5622642],[-10.89703068],Mon Mar 14 16:18:55 2022
[3.67299628],[-1.5599217],[-11.05233557],Mon Mar 14 16:18:55 2022
[3.65788226],[-1.55280418],[-11.12028313],Mon Mar 14 16:18:55 2022
[3.65231651],[-1.55035144],[-11.21256599],Mon Mar 14 16:18:55 2022
[3.64280621],[-1.54557655],[-11.18909131],Mon Mar 14 16:18:55 2022
[3.63140766],[-1.54021286],[-10.96614685],Mon Mar 14 16:18:55 2022
[3.6110869],[-1.52924039],[-10.73346897],Mon Mar 14 16:18:56 2022
[3.59787285],[-1.52247578],[-10.44703602],Mon Mar 14 16:18:56 2022
[3.58759663],[-1.51735508],[-10.14961638],Mon Mar 14 16:18:56 2022
[3.57865948],[-1.51275164],[-9.88514905],Mon Mar 14 16:18:56 2022
[3.5690384],[-1.50874631],[-10.13743186],Mon Mar 14 16:18:56 2022
[3.53567348],[-1.49583416],[-10.66287416],Mon Mar 14 16:18:56 2022
[3.5101665],[-1.48858897],[-11.11116068],Mon Mar 14 16:18:56 2022
[3.49173901],[-1.48543457],[-11.44043193],Mon Mar 14 16:18:56 2022
[3.47311448],[-1.47913202],[-11.69094715],Mon Mar 14 16:18:56 2022
[3.4591571],[-1.47576517],[-11.97296136],Mon Mar 14 16:18:56 2022
[3.44061164],[-1.47197148],[-12.30428184],Mon Mar 14 16:18:56 2022
[3.42133734],[-1.46946619],[-12.57401726],Mon Mar 14 16:18:56 2022
[3.40908559],[-1.46819967],[-12.96083256],Mon Mar 14 16:18:56 2022
[3.39243255],[-1.46774699],[-12.93749827],Mon Mar 14 16:18:56 2022
[3.34523598],[-1.46614418],[-12.5077698],Mon Mar 14 16:18:56 2022
[3.32050894],[-1.46533759],[-12.56478057],Mon Mar 14 16:18:56 2022
[3.30786566],[-1.46494309],[-12.81029909],Mon Mar 14 16:18:56 2022
[3.2948856],[-1.46361908],[-12.6357689],Mon Mar 14 16:18:56 2022
[3.26794408],[-1.45640233],[-12.58586614],Mon Mar 14 16:18:56 2022
[3.25596595],[-1.4528659],[-12.40830541],Mon Mar 14 16:18:57 2022
[3.24109685],[-1.44421104],[-12.38180415],Mon Mar 14 16:18:57 2022
[3.2196621],[-1.4337148],[-12.50197328],Mon Mar 14 16:18:57 2022
[3.20090418],[-1.42504876],[-12.40593377],Mon Mar 14 16:18:57 2022
[3.18363706],[-1.4131423],[-12.36043429],Mon Mar 14 16:18:57 2022
[3.17064442],[-1.40420299],[-12.30678864],Mon Mar 14 16:18:57 2022
[3.15799739],[-1.39580222],[-12.14815079],Mon Mar 14 16:18:57 2022
[3.14377199],[-1.38481218],[-11.70996887],Mon Mar 14 16:18:57 2022
[3.13147761],[-1.37531322],[-11.37523188],Mon Mar 14 16:18:57 2022
[3.12358202],[-1.36909123],[-10.6866856],Mon Mar 14 16:18:57 2022
[3.1134753],[-1.35967026],[-10.32822177],Mon Mar 14 16:18:57 2022
[3.10649532],[-1.35347995],[-10.12728311],Mon Mar 14 16:18:57 2022
[3.09617006],[-1.34696104],[-9.99414389],Mon Mar 14 16:18:57 2022
[3.08147636],[-1.33997228],[-9.86291879],Mon Mar 14 16:18:57 2022
[3.05281742],[-1.32717297],[-9.93712338],Mon Mar 14 16:18:57 2022
[3.0323877],[-1.32090108],[-10.00693688],Mon Mar 14 16:18:57 2022
[3.01377759],[-1.31427914],[-10.03921992],Mon Mar 14 16:18:57 2022
[2.99980688],[-1.31021511],[-10.08106818],Mon Mar 14 16:18:57 2022
[2.98567878],[-1.30670159],[-9.98120515],Mon Mar 14 16:18:57 2022
[2.96987917],[-1.30280072],[-9.90333248],Mon Mar 14 16:18:58 2022
[2.95712191],[-1.29953247],[-10.19918204],Mon Mar 14 16:18:58 2022
[2.92230656],[-1.28921281],[-10.58252582],Mon Mar 14 16:18:58 2022
[2.90223023],[-1.28380292],[-10.9924955],Mon Mar 14 16:18:58 2022
[2.8836324],[-1.2788564],[-11.37008782],Mon Mar 14 16:18:58 2022
[2.87699589],[-1.27771191],[-11.5170132],Mon Mar 14 16:18:58 2022
[2.86639528],[-1.27456697],[-11.17796055],Mon Mar 14 16:18:58 2022
[2.85312954],[-1.26674555],[-10.80372178],Mon Mar 14 16:18:58 2022
[2.82392058],[-1.24890767],[-10.73194186],Mon Mar 14 16:18:58 2022
[2.81430322],[-1.24407612],[-10.75526378],Mon Mar 14 16:18:58 2022
[2.80319085],[-1.23964731],[-10.35697985],Mon Mar 14 16:18:58 2022
[2.78737859],[-1.22924385],[-10.15671228],Mon Mar 14 16:18:58 2022
[2.78198348],[-1.22585784],[-9.58394462],Mon Mar 14 16:18:58 2022
[2.77246254],[-1.21615956],[-9.38904855],Mon Mar 14 16:18:58 2022
[2.76935244],[-1.21341293],[-9.10629815],Mon Mar 14 16:18:58 2022
[2.76167421],[-1.20865796],[-8.81431458],Mon Mar 14 16:18:58 2022
[2.75247476],[-1.20296678],[-8.52742413],Mon Mar 14 16:18:58 2022
[2.74398223],[-1.19813917],[-8.29123553],Mon Mar 14 16:18:58 2022
[2.73915684],[-1.19567685],[-8.17142115],Mon Mar 14 16:18:58 2022
[2.737407],[-1.1940117],[-8.012035],Mon Mar 14 16:18:59 2022
[2.73033276],[-1.18987982],[-7.93526527],Mon Mar 14 16:18:59 2022
[2.72681329],[-1.18795768],[-7.56393955],Mon Mar 14 16:18:59 2022
[2.71259158],[-1.17803396],[-7.44003466],Mon Mar 14 16:18:59 2022
[2.7082796],[-1.17343551],[-7.403929],Mon Mar 14 16:18:59 2022
[2.68612457],[-1.16082772],[-7.54510589],Mon Mar 14 16:18:59 2022
[2.66811024],[-1.15240234],[-7.70168485],Mon Mar 14 16:18:59 2022
[2.65558486],[-1.1467625],[-7.868833],Mon Mar 14 16:18:59 2022
[2.64290642],[-1.14109399],[-8.61070313],Mon Mar 14 16:18:59 2022
[2.59569179],[-1.12249266],[-9.20001002],Mon Mar 14 16:18:59 2022
[2.56789616],[-1.11176245],[-9.97400405],Mon Mar 14 16:18:59 2022
[2.54051081],[-1.10163038],[-10.87410109],Mon Mar 14 16:18:59 2022
[2.51328938],[-1.09241442],[-11.48505354],Mon Mar 14 16:18:59 2022
[2.49268627],[-1.08529456],[-11.84011801],Mon Mar 14 16:18:59 2022
[2.47404931],[-1.07692218],[-12.1788682],Mon Mar 14 16:18:59 2022
[2.45206479],[-1.06649868],[-12.47281519],Mon Mar 14 16:18:59 2022
[2.43270809],[-1.05920865],[-12.42680663],Mon Mar 14 16:18:59 2022
[2.41462781],[-1.04992332],[-11.97116475],Mon Mar 14 16:18:59 2022
[2.40241652],[-1.03916514],[-11.67735573],Mon Mar 14 16:18:59 2022
[2.39374948],[-1.03177771],[-11.41995547],Mon Mar 14 16:18:59 2022
[2.38493206],[-1.02350618],[-11.03539256],Mon Mar 14 16:19:00 2022
[2.38024619],[-1.016763],[-9.9557512],Mon Mar 14 16:19:00 2022
[2.37252151],[-1.00084488],[-9.44901427],Mon Mar 14 16:19:00 2022
[2.36758322],[-0.99123148],[-8.5400044],Mon Mar 14 16:19:00 2022
[2.35585708],[-0.97711714],[-8.70847187],Mon Mar 14 16:19:00 2022
[2.3433377],[-0.96982426],[-8.96865389],Mon Mar 14 16:19:00 2022
[2.33295919],[-0.96519334],[-8.72792325],Mon Mar 14 16:19:00 2022
[2.31843941],[-0.95398827],[-8.58786107],Mon Mar 14 16:19:00 2022
[2.31927908],[-0.94808234],[-8.56621706],Mon Mar 14 16:19:00 2022
[2.31833737],[-0.94325568],[-8.66907738],Mon Mar 14 16:19:00 2022
[2.31141993],[-0.94041601],[-9.09349685],Mon Mar 14 16:19:00 2022
[2.28189037],[-0.92699027],[-9.42610188],Mon Mar 14 16:19:00 2022
[2.25513163],[-0.9151858],[-9.67952623],Mon Mar 14 16:19:00 2022
[2.24004422],[-0.90976129],[-9.60353639],Mon Mar 14 16:19:00 2022
[2.22697903],[-0.9055887],[-9.6147474],Mon Mar 14 16:19:00 2022
[2.21403954],[-0.90023889],[-9.74173732],Mon Mar 14 16:19:00 2022
[2.19973158],[-0.89441316],[-10.26542766],Mon Mar 14 16:19:01 2022
[2.17726285],[-0.88842028],[-10.39569299],Mon Mar 14 16:19:01 2022
[2.17027919],[-0.88613147],[-10.85671906],Mon Mar 14 16:19:01 2022
[2.15015525],[-0.88127578],[-11.22432444],Mon Mar 14 16:19:01 2022
[2.13344541],[-0.87501112],[-11.10350746],Mon Mar 14 16:19:01 2022
[2.10209519],[-0.8650728],[-10.91166731],Mon Mar 14 16:19:01 2022
[2.08905806],[-0.8583445],[-10.75165217],Mon Mar 14 16:19:01 2022
[2.07866365],[-0.85250998],[-10.42790866],Mon Mar 14 16:19:01 2022
[2.05816233],[-0.83249476],[-9.42717725],Mon Mar 14 16:19:01 2022
[2.0494495],[-0.81383695],[-8.43713444],Mon Mar 14 16:19:01 2022
[2.03843857],[-0.79402331],[-8.59889457],Mon Mar 14 16:19:01 2022
[2.02268739],[-0.78132346],[-8.9387922],Mon Mar 14 16:19:01 2022
[2.01262475],[-0.77647201],[-9.30914945],Mon Mar 14 16:19:01 2022
[2.00509205],[-0.77196464],[-9.2872915],Mon Mar 14 16:19:01 2022
[2.00096389],[-0.76540248],[-9.13906705],Mon Mar 14 16:19:01 2022
[1.99520248],[-0.75309767],[-9.21016689],Mon Mar 14 16:19:01 2022
[1.98557819],[-0.74578242],[-9.58572978],Mon Mar 14 16:19:01 2022
[1.97096013],[-0.74128816],[-10.16066101],Mon Mar 14 16:19:01 2022
[1.94219736],[-0.73376821],[-10.56980629],Mon Mar 14 16:19:02 2022
[1.92609018],[-0.73090455],[-10.64364266],Mon Mar 14 16:19:02 2022
[1.91328125],[-0.72904889],[-10.78480482],Mon Mar 14 16:19:02 2022
[1.89993995],[-0.72676614],[-10.90575526],Mon Mar 14 16:19:02 2022
[1.88338053],[-0.72179383],[-11.16671508],Mon Mar 14 16:19:02 2022
[1.86779871],[-0.72047895],[-11.1593648],Mon Mar 14 16:19:02 2022
[1.85571554],[-0.71905427],[-11.23939133],Mon Mar 14 16:19:02 2022
[1.84117558],[-0.71592214],[-11.43656668],Mon Mar 14 16:19:02 2022
[1.82826642],[-0.71214584],[-11.82321003],Mon Mar 14 16:19:02 2022
[1.81275754],[-0.71078727],[-11.99912378],Mon Mar 14 16:19:02 2022
[1.79046033],[-0.70509555],[-12.00168667],Mon Mar 14 16:19:02 2022
[1.78397193],[-0.70359068],[-11.51915195],Mon Mar 14 16:19:02 2022
[1.77186027],[-0.6915785],[-11.10705674],Mon Mar 14 16:19:02 2022
[1.76046939],[-0.68126017],[-10.83354882],Mon Mar 14 16:19:02 2022
[1.75207942],[-0.67221799],[-10.64015332],Mon Mar 14 16:19:02 2022
[1.7464035],[-0.66435143],[-10.25082909],Mon Mar 14 16:19:02 2022
[1.74211236],[-0.65382465],[-9.78386728],Mon Mar 14 16:19:02 2022
[1.71457048],[-0.61692667],[-10.44531485],Mon Mar 14 16:19:02 2022
[1.69350622],[-0.6049633],[-10.69168298],Mon Mar 14 16:19:03 2022
[1.67982069],[-0.5913911],[-10.85172803],Mon Mar 14 16:19:03 2022
[1.66976556],[-0.58215689],[-10.94422024],Mon Mar 14 16:19:03 2022
[1.66131981],[-0.57571576],[-11.28385443],Mon Mar 14 16:19:03 2022
[1.64127533],[-0.56702901],[-11.69470423],Mon Mar 14 16:19:03 2022
[1.61710178],[-0.56009632],[-12.84908198],Mon Mar 14 16:19:03 2022
[1.5844877],[-0.55302536],[-13.33253693],Mon Mar 14 16:19:03 2022
[1.5645132],[-0.54890257],[-13.5738375],Mon Mar 14 16:19:03 2022
[1.54620513],[-0.54341809],[-13.84751381],Mon Mar 14 16:19:03 2022
[1.52704577],[-0.53590847],[-13.95386482],Mon Mar 14 16:19:03 2022
[1.51482483],[-0.53131609],[-13.81993338],Mon Mar 14 16:19:03 2022
[1.50306774],[-0.5250195],[-14.06373589],Mon Mar 14 16:19:03 2022
[1.49166207],[-0.51972017],[-14.82754746],Mon Mar 14 16:19:03 2022
[1.47407878],[-0.51747128],[-15.43781587],Mon Mar 14 16:19:03 2022
[1.4598891],[-0.51439754],[-15.57423041],Mon Mar 14 16:19:03 2022
[1.45270067],[-0.51117654],[-15.52806613],Mon Mar 14 16:19:03 2022
[1.44914322],[-0.50622744],[-14.8972538],Mon Mar 14 16:19:03 2022
[1.4457682],[-0.49988053],[-14.75935232],Mon Mar 14 16:19:03 2022
[1.44167027],[-0.49388023],[-14.72270316],Mon Mar 14 16:19:04 2022
[1.43737032],[-0.48930785],[-14.53165549],Mon Mar 14 16:19:04 2022
[1.43115862],[-0.47982716],[-14.2696174],Mon Mar 14 16:19:04 2022
[1.42743677],[-0.47337238],[-14.13248493],Mon Mar 14 16:19:04 2022
[1.42622899],[-0.47118305],[-13.77828868],Mon Mar 14 16:19:04 2022
[1.42438555],[-0.46636131],[-13.17625455],Mon Mar 14 16:19:04 2022
[1.42721833],[-0.45991095],[-12.49141753],Mon Mar 14 16:19:04 2022
[1.42941836],[-0.45442468],[-11.50203609],Mon Mar 14 16:19:04 2022
[1.43129054],[-0.44802134],[-10.60014043],Mon Mar 14 16:19:04 2022
[1.43151545],[-0.44061082],[-9.90753265],Mon Mar 14 16:19:04 2022
[1.42997711],[-0.43354512],[-9.51729622],Mon Mar 14 16:19:04 2022
[1.42806591],[-0.42960187],[-9.33522191],Mon Mar 14 16:19:04 2022
[1.42639109],[-0.42678747],[-9.08591709],Mon Mar 14 16:19:04 2022
[1.42030735],[-0.42132369],[-9.55034163],Mon Mar 14 16:19:04 2022
[1.39330577],[-0.40855299],[-9.89332331],Mon Mar 14 16:19:04 2022
[1.3814889],[-0.40122635],[-10.12359671],Mon Mar 14 16:19:04 2022
[1.37354598],[-0.39409611],[-10.28808291],Mon Mar 14 16:19:04 2022
[1.36515381],[-0.38646458],[-10.53748803],Mon Mar 14 16:19:04 2022
[1.35437861],[-0.37761283],[-10.86037125],Mon Mar 14 16:19:04 2022
[1.34161048],[-0.37106382],[-11.18138506],Mon Mar 14 16:19:04 2022
[1.33013062],[-0.36614451],[-11.56717],Mon Mar 14 16:19:04 2022
[1.31700508],[-0.36090311],[-12.35854457],Mon Mar 14 16:19:05 2022
[1.26474202],[-0.33797858],[-12.48575406],Mon Mar 14 16:19:05 2022
[1.24667874],[-0.3275047],[-12.59085305],Mon Mar 14 16:19:05 2022
[1.23120755],[-0.31680805],[-13.09255192],Mon Mar 14 16:19:05 2022
[1.2131664],[-0.30935815],[-13.62984609],Mon Mar 14 16:19:05 2022
[1.19725889],[-0.30439023],[-14.00625598],Mon Mar 14 16:19:05 2022
[1.18350297],[-0.29941885],[-14.16274387],Mon Mar 14 16:19:05 2022
[1.17654106],[-0.29579907],[-13.55156233],Mon Mar 14 16:19:05 2022
[1.15288791],[-0.26827812],[-13.38582458],Mon Mar 14 16:19:05 2022
[1.1461578],[-0.2608366],[-13.2066632],Mon Mar 14 16:19:05 2022
[1.13749767],[-0.25299189],[-13.00065965],Mon Mar 14 16:19:05 2022
[1.13228485],[-0.24659437],[-12.67706166],Mon Mar 14 16:19:05 2022
[1.12907382],[-0.23934686],[-11.96064763],Mon Mar 14 16:19:05 2022
[1.12524808],[-0.22886569],[-9.85061448],Mon Mar 14 16:19:05 2022
[1.11767863],[-0.20467458],[-9.59767365],Mon Mar 14 16:19:05 2022
[1.09436933],[-0.18802429],[-9.55383776],Mon Mar 14 16:19:05 2022
[1.08308912],[-0.17857211],[-9.60957459],Mon Mar 14 16:19:05 2022
[1.05838523],[-0.17019319],[-9.65446671],Mon Mar 14 16:19:05 2022
[1.04072501],[-0.1644671],[-10.12055471],Mon Mar 14 16:19:06 2022
[1.01079135],[-0.15906141],[-10.43453594],Mon Mar 14 16:19:06 2022
[0.9913228],[-0.15524376],[-10.77870661],Mon Mar 14 16:19:06 2022
[0.96995348],[-0.15098894],[-10.98313473],Mon Mar 14 16:19:06 2022
[0.9490857],[-0.14644697],[-11.71396521],Mon Mar 14 16:19:06 2022
[0.91382628],[-0.12477431],[-11.90025426],Mon Mar 14 16:19:06 2022
[0.90620448],[-0.12008947],[-12.58235772],Mon Mar 14 16:19:06 2022
[0.88269667],[-0.11742651],[-12.71995079],Mon Mar 14 16:19:06 2022
[0.87377698],[-0.11148747],[-12.61565638],Mon Mar 14 16:19:06 2022
[0.86774014],[-0.09952689],[-12.48562615],Mon Mar 14 16:19:06 2022
[0.86277804],[-0.0893394],[-12.37094936],Mon Mar 14 16:19:06 2022
[0.85805342],[-0.08160376],[-12.30279768],Mon Mar 14 16:19:06 2022
[0.85455571],[-0.07371664],[-12.27459188],Mon Mar 14 16:19:06 2022
[0.85116502],[-0.06510324],[-12.10579654],Mon Mar 14 16:19:06 2022
[0.84924485],[-0.05479244],[-11.75077572],Mon Mar 14 16:19:06 2022
[0.8481324],[-0.04295625],[-10.40757259],Mon Mar 14 16:19:06 2022
[0.85000038],[-0.01867935],[-9.6021788],Mon Mar 14 16:19:06 2022
[0.84997511],[-0.00529932],[-9.3436856],Mon Mar 14 16:19:06 2022
[0.84384937],[0.00919869],[-9.45416827],Mon Mar 14 16:19:06 2022
[0.83940276],[0.01455047],[-9.84316875],Mon Mar 14 16:19:07 2022
[0.83443196],[0.01993465],[-10.2804472],Mon Mar 14 16:19:07 2022
[0.82929569],[0.02320429],[-10.37719089],Mon Mar 14 16:19:07 2022
[0.82452806],[0.02413529],[-10.52797883],Mon Mar 14 16:19:07 2022
[0.81967149],[0.02753861],[-10.84616128],Mon Mar 14 16:19:07 2022
[0.81211128],[0.03771466],[-11.218613],Mon Mar 14 16:19:07 2022
[0.80286626],[0.04507586],[-12.18156575],Mon Mar 14 16:19:07 2022
[0.77183229],[0.05201116],[-12.85257886],Mon Mar 14 16:19:07 2022
[0.75245954],[0.05523702],[-13.2091828],Mon Mar 14 16:19:07 2022
[0.72992133],[0.06082829],[-12.8943006],Mon Mar 14 16:19:07 2022
[0.70716728],[0.06887564],[-12.17809866],Mon Mar 14 16:19:07 2022
[0.67214994],[0.08141253],[-12.74728593],Mon Mar 14 16:19:07 2022
[0.63627063],[0.09197258],[-13.54422187],Mon Mar 14 16:19:07 2022
[0.60629119],[0.10017597],[-13.95334479],Mon Mar 14 16:19:07 2022
[0.58868534],[0.10750348],[-13.44001341],Mon Mar 14 16:19:07 2022
[0.57822043],[0.11673203],[-12.94721163],Mon Mar 14 16:19:07 2022
[0.56932099],[0.12548021],[-12.59915221],Mon Mar 14 16:19:07 2022
[0.55528357],[0.13801482],[-12.08314314],Mon Mar 14 16:19:07 2022
[0.54879177],[0.14273036],[-11.58772852],Mon Mar 14 16:19:08 2022
[0.54260154],[0.14647172],[-11.21898911],Mon Mar 14 16:19:08 2022
[0.5384038],[0.15023522],[-10.89118824],Mon Mar 14 16:19:08 2022
[0.53146287],[0.15531456],[-10.46750122],Mon Mar 14 16:19:08 2022
[0.52578579],[0.16019003],[-10.00304601],Mon Mar 14 16:19:08 2022
[0.52003717],[0.16629946],[-9.54592244],Mon Mar 14 16:19:08 2022
[0.51245338],[0.17408121],[-9.03817531],Mon Mar 14 16:19:08 2022
[0.50553968],[0.18069829],[-8.83126151],Mon Mar 14 16:19:08 2022
[0.50141439],[0.18550648],[-8.32648436],Mon Mar 14 16:19:08 2022
[0.48802079],[0.19837253],[-8.00899137],Mon Mar 14 16:19:08 2022
[0.47899934],[0.20660725],[-8.24701591],Mon Mar 14 16:19:08 2022
[0.46762921],[0.2125442],[-8.55937879],Mon Mar 14 16:19:08 2022
[0.45944523],[0.21629614],[-8.76605156],Mon Mar 14 16:19:08 2022
[0.45309164],[0.22261165],[-8.82078577],Mon Mar 14 16:19:08 2022
[0.44368194],[0.23047215],[-8.92360796],Mon Mar 14 16:19:08 2022
[0.42032059],[0.24071581],[-8.79486335],Mon Mar 14 16:19:08 2022
[0.40410819],[0.24633853],[-8.87077915],Mon Mar 14 16:19:08 2022
[0.38553367],[0.25125189],[-9.01223932],Mon Mar 14 16:19:08 2022
[0.36512394],[0.25390591],[-9.22739693],Mon Mar 14 16:19:08 2022
[0.34859824],[0.25681097],[-9.93680518],Mon Mar 14 16:19:09 2022
[0.31135166],[0.26575566],[-10.17779895],Mon Mar 14 16:19:09 2022
[0.29284236],[0.26970358],[-10.32806087],Mon Mar 14 16:19:09 2022
[0.27941333],[0.27499495],[-9.8070875],Mon Mar 14 16:19:09 2022
[0.25008351],[0.29459076],[-9.85273552],Mon Mar 14 16:19:09 2022
[0.23530883],[0.30435142],[-9.80365636],Mon Mar 14 16:19:09 2022
[0.23029289],[0.3075231],[-10.17809072],Mon Mar 14 16:19:09 2022
[0.21817818],[0.31337095],[-10.63560834],Mon Mar 14 16:19:09 2022
[0.20312713],[0.32078859],[-10.94018913],Mon Mar 14 16:19:09 2022
[0.19112849],[0.33153763],[-10.48094412],Mon Mar 14 16:19:09 2022
[0.16961348],[0.36419789],[-10.2755936],Mon Mar 14 16:19:09 2022
[0.1621599],[0.37741984],[-8.5231115],Mon Mar 14 16:19:09 2022
[0.16359401],[0.40295329],[-8.05883349],Mon Mar 14 16:19:09 2022
[0.16285419],[0.41093058],[-7.89098859],Mon Mar 14 16:19:09 2022
[0.16225368],[0.41166715],[-8.00282537],Mon Mar 14 16:19:09 2022
[0.15831194],[0.42365712],[-8.22761524],Mon Mar 14 16:19:09 2022
[0.15986437],[0.42679743],[-8.53953939],Mon Mar 14 16:19:09 2022
[0.15885994],[0.43520969],[-8.71687615],Mon Mar 14 16:19:10 2022
[0.15896813],[0.44819454],[-8.91803906],Mon Mar 14 16:19:10 2022
[0.1570289],[0.45600027],[-9.64380355],Mon Mar 14 16:19:10 2022
[0.11708188],[0.49091425],[-10.28725578],Mon Mar 14 16:19:10 2022
[0.09643946],[0.50312825],[-11.53021687],Mon Mar 14 16:19:10 2022
[0.05977938],[0.51546358],[-12.65815794],Mon Mar 14 16:19:10 2022
[-0.01014915],[0.53888942],[-12.95589014],Mon Mar 14 16:19:10 2022
[-0.03535531],[0.54904865],[-12.66576421],Mon Mar 14 16:19:10 2022
[-0.05142426],[0.55601839],[-12.38622985],Mon Mar 14 16:19:10 2022
[-0.06388519],[0.56109668],[-12.20244801],Mon Mar 14 16:19:10 2022
[-0.07822736],[0.5664647],[-11.90513616],Mon Mar 14 16:19:10 2022
[-0.09172457],[0.57313278],[-11.68745379],Mon Mar 14 16:19:10 2022
[-0.10075361],[0.57804582],[-11.55225788],Mon Mar 14 16:19:10 2022
[-0.10949049],[0.58255427],[-11.4648689],Mon Mar 14 16:19:10 2022
[-0.12160994],[0.58828101],[-11.24986996],Mon Mar 14 16:19:10 2022
[-0.1327951],[0.59442346],[-10.8902634],Mon Mar 14 16:19:11 2022
[-0.14094946],[0.60072586],[-10.0138346],Mon Mar 14 16:19:11 2022
[-0.14907534],[0.60990722],[-8.88624026],Mon Mar 14 16:19:11 2022
[-0.14848645],[0.62410792],[-8.02420701],Mon Mar 14 16:19:11 2022
[-0.15462536],[0.63465731],[-7.39336113],Mon Mar 14 16:19:11 2022
[-0.16178207],[0.64442543],[-6.71512899],Mon Mar 14 16:19:11 2022
[-0.18398855],[0.66275086],[-6.31695994],Mon Mar 14 16:19:11 2022
[-0.19991488],[0.67334583],[-6.07719287],Mon Mar 14 16:19:11 2022
[-0.21517457],[0.68242534],[-6.19100618],Mon Mar 14 16:19:11 2022
[-0.23076988],[0.68907106],[-6.49399763],Mon Mar 14 16:19:11 2022
[-0.24773223],[0.6949386],[-7.42345176],Mon Mar 14 16:19:11 2022
[-0.27908037],[0.69995481],[-7.79783685],Mon Mar 14 16:19:11 2022
[-0.29921596],[0.70437644],[-8.04714798],Mon Mar 14 16:19:11 2022
[-0.31550316],[0.70746559],[-8.28172878],Mon Mar 14 16:19:11 2022
[-0.33168826],[0.70912225],[-8.6010311],Mon Mar 14 16:19:11 2022
[-0.35014129],[0.71183872],[-8.68242142],Mon Mar 14 16:19:11 2022
[-0.35413016],[0.71242593],[-8.95329214],Mon Mar 14 16:19:11 2022
[-0.37500287],[0.71602877],[-9.15857014],Mon Mar 14 16:19:11 2022
[-0.39471735],[0.72061443],[-9.3750516],Mon Mar 14 16:19:12 2022
[-0.42746918],[0.73018441],[-9.60542026],Mon Mar 14 16:19:12 2022
[-0.44914242],[0.73657654],[-9.37923165],Mon Mar 14 16:19:12 2022
[-0.47644689],[0.7471072],[-9.07551774],Mon Mar 14 16:19:12 2022
[-0.49796095],[0.75904655],[-8.9363626],Mon Mar 14 16:19:12 2022
[-0.51638823],[0.76715603],[-8.59877657],Mon Mar 14 16:19:12 2022
[-0.53417215],[0.77609555],[-8.06429951],Mon Mar 14 16:19:12 2022
[-0.54798597],[0.78615772],[-7.62903334],Mon Mar 14 16:19:12 2022
[-0.56197094],[0.79576132],[-7.51808378],Mon Mar 14 16:19:12 2022
[-0.56499398],[0.79783727],[-7.66132263],Mon Mar 14 16:19:12 2022
[-0.59437282],[0.80705066],[-7.7323315],Mon Mar 14 16:19:12 2022
[-0.61462286],[0.81785854],[-7.65894077],Mon Mar 14 16:19:12 2022
[-0.63240266],[0.82634159],[-7.98643969],Mon Mar 14 16:19:12 2022
[-0.66085085],[0.83489808],[-8.65088204],Mon Mar 14 16:19:12 2022
[-0.68572778],[0.83724224],[-9.240199],Mon Mar 14 16:19:12 2022
[-0.7061359],[0.83930325],[-9.84201818],Mon Mar 14 16:19:12 2022
[-0.73111395],[0.84133996],[-10.48793007],Mon Mar 14 16:19:12 2022
[-0.75244532],[0.84570662],[-10.58910063],Mon Mar 14 16:19:12 2022
[-0.76974247],[0.85254417],[-10.59554662],Mon Mar 14 16:19:13 2022
[-0.78382911],[0.86304534],[-11.09236102],Mon Mar 14 16:19:13 2022
[-0.81648786],[0.87375855],[-11.01359185],Mon Mar 14 16:19:13 2022
[-0.83147472],[0.88302529],[-10.704787],Mon Mar 14 16:19:13 2022
[-0.83917262],[0.89031217],[-10.30623698],Mon Mar 14 16:19:13 2022
[-0.85299481],[0.9047035],[-9.71767173],Mon Mar 14 16:19:13 2022
[-0.86577069],[0.91902758],[-9.08049558],Mon Mar 14 16:19:13 2022
[-0.88329815],[0.93265049],[-8.65064409],Mon Mar 14 16:19:13 2022
[-0.89385068],[0.93827894],[-7.83486148],Mon Mar 14 16:19:13 2022
[-0.91073628],[0.95265535],[-7.48139256],Mon Mar 14 16:19:13 2022
[-0.92326536],[0.9641538],[-6.93778013],Mon Mar 14 16:19:13 2022
[-0.93201414],[0.97726645],[-6.41440528],Mon Mar 14 16:19:13 2022
[-0.94179677],[0.99033412],[-5.41996367],Mon Mar 14 16:19:13 2022
[-0.95280229],[1.00792337],[-4.74741766],Mon Mar 14 16:19:13 2022
[-0.97270018],[1.03710117],[-4.69174269],Mon Mar 14 16:19:13 2022
[-0.98481736],[1.05426775],[-5.59538578],Mon Mar 14 16:19:13 2022
[-0.9953812],[1.06398323],[-7.52054467],Mon Mar 14 16:19:13 2022
[-1.00993387],[1.08329729],[-8.34644467],Mon Mar 14 16:19:14 2022
[-1.02087555],[1.10720831],[-8.68545964],Mon Mar 14 16:19:14 2022
[-1.02642699],[1.1248982],[-9.04089113],Mon Mar 14 16:19:14 2022
[-1.02927454],[1.13948984],[-9.20322708],Mon Mar 14 16:19:14 2022
[-1.03386476],[1.15252336],[-8.83882153],Mon Mar 14 16:19:14 2022
[-1.04699179],[1.1879009],[-8.42765668],Mon Mar 14 16:19:14 2022
[-1.05900678],[1.21736718],[-7.93869318],Mon Mar 14 16:19:14 2022
[-1.06985164],[1.24760305],[-7.94689676],Mon Mar 14 16:19:14 2022
[-1.0809798],[1.28124558],[-8.14121574],Mon Mar 14 16:19:14 2022
[-1.08470838],[1.29175196],[-8.66477657],Mon Mar 14 16:19:14 2022
[-1.08898986],[1.30272543],[-9.38939872],Mon Mar 14 16:19:14 2022
[-1.09513451],[1.31869375],[-9.96975507],Mon Mar 14 16:19:14 2022
[-1.09347185],[1.33357588],[-10.37142433],Mon Mar 14 16:19:14 2022
[-1.09111998],[1.34774948],[-10.96841009],Mon Mar 14 16:19:14 2022
[-1.08776069],[1.35846165],[-11.74271414],Mon Mar 14 16:19:14 2022
[-1.08507889],[1.37141682],[-12.29755591],Mon Mar 14 16:19:14 2022
[-1.08364082],[1.38215076],[-12.76931218],Mon Mar 14 16:19:14 2022
[-1.07860122],[1.39363692],[-13.20809312],Mon Mar 14 16:19:14 2022
[-1.06921327],[1.40454509],[-14.1763749],Mon Mar 14 16:19:15 2022
[-1.05638921],[1.43229342],[-15.63741943],Mon Mar 14 16:19:15 2022
[-1.03870586],[1.47490493],[-16.36095565],Mon Mar 14 16:19:15 2022
[-1.03266833],[1.49193776],[-16.6929843],Mon Mar 14 16:19:15 2022
[-1.03031381],[1.49878824],[-17.25078694],Mon Mar 14 16:19:15 2022
[-1.02569869],[1.51108909],[-18.0333284],Mon Mar 14 16:19:15 2022
[-1.01312967],[1.53799615],[-18.29179351],Mon Mar 14 16:19:15 2022
[-1.00901697],[1.54820564],[-18.53082292],Mon Mar 14 16:19:15 2022
[-1.00280869],[1.56255637],[-18.84286208],Mon Mar 14 16:19:15 2022
[-0.99870133],[1.57913003],[-19.20630154],Mon Mar 14 16:19:15 2022
[-0.99723897],[1.59222498],[-19.57036131],Mon Mar 14 16:19:15 2022
[-0.99638872],[1.60418397],[-20.01873304],Mon Mar 14 16:19:15 2022
[-0.99603947],[1.61808231],[-20.37024465],Mon Mar 14 16:19:15 2022
[-0.995787],[1.62763504],[-20.76205168],Mon Mar 14 16:19:15 2022
[-0.9960701],[1.63799083],[-21.15063704],Mon Mar 14 16:19:15 2022
[-0.99586967],[1.64814032],[-22.57664798],Mon Mar 14 16:19:15 2022
[-0.99399869],[1.70125279],[-23.2993798],Mon Mar 14 16:19:15 2022
[-0.99366755],[1.7343556],[-23.47737838],Mon Mar 14 16:19:15 2022
[-0.99289074],[1.74510691],[-23.60927033],Mon Mar 14 16:19:16 2022
[-0.9929619],[1.75341904],[-23.79740727],Mon Mar 14 16:19:16 2022
[-0.9921915],[1.76349321],[-22.3783672],Mon Mar 14 16:19:16 2022
[-0.99304081],[1.77789291],[-22.99036231],Mon Mar 14 16:19:16 2022
[-0.99535428],[1.85379452],[-23.5206799],Mon Mar 14 16:19:16 2022
[-0.99611181],[1.87824096],[-24.3563491],Mon Mar 14 16:19:16 2022
[-0.99488306],[1.89904426],[-25.51214237],Mon Mar 14 16:19:16 2022
[-0.96980985],[2.00008705],[-26.06147593],Mon Mar 14 16:19:16 2022
[-0.9556729],[2.040282],[-25.07103821],Mon Mar 14 16:19:16 2022
[-0.94200618],[2.07948515],[-25.2711742],Mon Mar 14 16:19:16 2022
[-0.92552843],[2.12843581],[-22.97427109],Mon Mar 14 16:19:16 2022
[-0.91555522],[2.16382773],[-20.48092112],Mon Mar 14 16:19:16 2022
[-0.90917659],[2.19454302],[-21.52760128],Mon Mar 14 16:19:16 2022
[-0.91096049],[2.23504654],[-21.36678383],Mon Mar 14 16:19:16 2022
[-0.91449456],[2.2559724],[-22.13223428],Mon Mar 14 16:19:16 2022
[-0.91734505],[2.2729959],[-21.80328099],Mon Mar 14 16:19:16 2022
[-0.91957597],[2.28683066],[-22.06707005],Mon Mar 14 16:19:17 2022
[-0.92053025],[2.29659422],[-21.82132228],Mon Mar 14 16:19:17 2022
[-0.92379646],[2.31000365],[-22.40555039],Mon Mar 14 16:19:17 2022
[-0.92963642],[2.32589745],[-23.11855392],Mon Mar 14 16:19:17 2022
[-0.93397856],[2.34968173],[-23.30029887],Mon Mar 14 16:19:17 2022
[-0.93491717],[2.35482302],[-23.51750873],Mon Mar 14 16:19:17 2022
[-0.93274595],[2.36799821],[-23.70466385],Mon Mar 14 16:19:17 2022
[-0.93237198],[2.38237661],[-23.96885443],Mon Mar 14 16:19:17 2022
[-0.93359287],[2.39553633],[-24.17333818],Mon Mar 14 16:19:17 2022
[-0.93355712],[2.4040591],[-24.64105008],Mon Mar 14 16:19:17 2022
[-0.93253669],[2.41905592],[-23.79941532],Mon Mar 14 16:19:17 2022
[-0.93081414],[2.4380073],[-24.68058889],Mon Mar 14 16:19:17 2022
[-0.9288284],[2.46175397],[-25.30059708],Mon Mar 14 16:19:17 2022
[-0.92662878],[2.48437841],[-26.59146644],Mon Mar 14 16:19:17 2022
[-0.91813844],[2.51455917],[-26.3898418],Mon Mar 14 16:19:17 2022
[-0.91366247],[2.52348827],[-26.93430159],Mon Mar 14 16:19:17 2022
[-0.90817426],[2.53832031],[-27.37215052],Mon Mar 14 16:19:17 2022
[-0.90079505],[2.55700682],[-27.88648509],Mon Mar 14 16:19:17 2022
[-0.89505383],[2.5715033],[-28.61813885],Mon Mar 14 16:19:17 2022
[-0.88747494],[2.58227503],[-26.53869622],Mon Mar 14 16:19:17 2022
[-0.88260998],[2.58498192],[-27.66499036],Mon Mar 14 16:19:17 2022
[-0.86778795],[2.59302892],[-28.57784349],Mon Mar 14 16:19:18 2022
[-0.86051914],[2.59904604],[-29.16035121],Mon Mar 14 16:19:18 2022
[-0.84539276],[2.61468308],[-30.07098342],Mon Mar 14 16:19:18 2022
[-0.83626922],[2.62368772],[-32.29040849],Mon Mar 14 16:19:18 2022
[-0.81523609],[2.64047482],[-33.84343838],Mon Mar 14 16:19:18 2022
[-0.80131414],[2.65277535],[-31.3254143],Mon Mar 14 16:19:18 2022
[-0.786828],[2.66418804],[-31.55392437],Mon Mar 14 16:19:18 2022
[-0.77029028],[2.67821349],[-30.75569019],Mon Mar 14 16:19:18 2022
[-0.75420011],[2.69031772],[-30.03427966],Mon Mar 14 16:19:18 2022
[-0.72712294],[2.70280637],[-30.28442354],Mon Mar 14 16:19:18 2022
[-0.71260141],[2.7116065],[-30.59813866],Mon Mar 14 16:19:18 2022
[-0.7063983],[2.71605148],[-31.19333397],Mon Mar 14 16:19:18 2022
[-0.69832228],[2.71931789],[-30.28300956],Mon Mar 14 16:19:18 2022
[-0.68849554],[2.71593836],[-27.33077515],Mon Mar 14 16:19:18 2022
[-0.68355807],[2.71311235],[-27.08553074],Mon Mar 14 16:19:18 2022
[-0.68245883],[2.70717583],[-26.10799435],Mon Mar 14 16:19:18 2022
[-0.68185599],[2.69905498],[-26.17603575],Mon Mar 14 16:19:18 2022
[-0.68339565],[2.69042442],[-25.15068192],Mon Mar 14 16:19:19 2022
[-0.68559027],[2.68422203],[-25.70479196],Mon Mar 14 16:19:19 2022
[-0.68813562],[2.67721477],[-25.01542858],Mon Mar 14 16:19:19 2022
[-0.68839154],[2.67603065],[-25.63823574],Mon Mar 14 16:19:19 2022
[-0.68649125],[2.6737649],[-26.59447225],Mon Mar 14 16:19:19 2022
[-0.68576157],[2.67537062],[-26.85722985],Mon Mar 14 16:19:19 2022
[-0.68546626],[2.6735093],[-25.77266627],Mon Mar 14 16:19:19 2022
[-0.68309049],[2.67395307],[-25.72489783],Mon Mar 14 16:19:19 2022
[-0.67895048],[2.67661635],[-26.40780809],Mon Mar 14 16:19:19 2022
[-0.66954223],[2.67871949],[-26.30683616],Mon Mar 14 16:19:19 2022
[-0.66366646],[2.68018021],[-26.55564728],Mon Mar 14 16:19:19 2022
[-0.6612485],[2.68055928],[107.01780585],Mon Mar 14 16:19:19 2022
[-0.65517469],[2.68218782],[141.27167508],Mon Mar 14 16:19:19 2022
[-0.64785404],[2.68369078],[149.62616066],Mon Mar 14 16:19:19 2022
[-0.64087217],[2.68528549],[151.69619435],Mon Mar 14 16:19:19 2022
[-0.63067366],[2.68746696],[151.26601676],Mon Mar 14 16:19:19 2022
[-0.61459117],[2.69084049],[150.8962036],Mon Mar 14 16:19:19 2022
[-0.59843979],[2.69346303],[150.43122091],Mon Mar 14 16:19:19 2022
[-0.5878613],[2.69526576],[150.29500826],Mon Mar 14 16:19:19 2022
[-0.56439824],[2.69848266],[150.09909079],Mon Mar 14 16:19:20 2022
[-0.55232051],[2.69703116],[150.35386495],Mon Mar 14 16:19:20 2022
[-0.54747716],[2.6932696],[150.60457324],Mon Mar 14 16:19:20 2022
[-0.54438499],[2.68890124],[150.67026831],Mon Mar 14 16:19:20 2022
[-0.54964884],[2.68241899],[150.88481239],Mon Mar 14 16:19:20 2022
[-0.55309407],[2.67315023],[150.80068576],Mon Mar 14 16:19:20 2022
[-0.55295926],[2.66964179],[150.71139063],Mon Mar 14 16:19:20 2022
[-0.55213869],[2.6681494],[150.7679533],Mon Mar 14 16:19:20 2022
[-0.55249392],[2.66865584],[150.3882032],Mon Mar 14 16:19:20 2022
[-0.55145667],[2.66860244],[150.1453507],Mon Mar 14 16:19:20 2022
[-0.5520934],[2.66999701],[149.76169921],Mon Mar 14 16:19:20 2022
[-0.55329703],[2.6699769],[149.68011642],Mon Mar 14 16:19:20 2022
[-0.55251252],[2.6686681],[149.54529659],Mon Mar 14 16:19:20 2022
[-0.55103735],[2.66826516],[149.76691914],Mon Mar 14 16:19:20 2022
[-0.54797442],[2.66743359],[149.83784436],Mon Mar 14 16:19:20 2022
[-0.54489206],[2.66505138],[148.65156579],Mon Mar 14 16:19:20 2022
[-0.53161479],[2.65779888],[148.28731221],Mon Mar 14 16:19:20 2022
[-0.52433707],[2.65538133],[148.17608055],Mon Mar 14 16:19:21 2022
[-0.52328526],[2.6527515],[148.16128038],Mon Mar 14 16:19:21 2022
[-0.52431436],[2.64798786],[147.9328727],Mon Mar 14 16:19:21 2022
[-0.52685268],[2.64406309],[147.66768803],Mon Mar 14 16:19:21 2022
[-0.52932633],[2.64139003],[147.37584408],Mon Mar 14 16:19:21 2022
[-0.52924978],[2.63959764],[146.26117737],Mon Mar 14 16:19:21 2022
[-0.52746277],[2.63297288],[145.97704828],Mon Mar 14 16:19:21 2022
[-0.52707649],[2.63154084],[145.25266444],Mon Mar 14 16:19:21 2022
[-0.52498627],[2.62855325],[145.23170318],Mon Mar 14 16:19:21 2022
[-0.52440354],[2.62770944],[145.22636015],Mon Mar 14 16:19:21 2022
[-0.52427758],[2.62752704],[145.75915223],Mon Mar 14 16:19:21 2022
[-0.51377836],[2.63396224],[150.35837762],Mon Mar 14 16:19:21 2022
[-0.51150881],[2.6353533],[152.24773607],Mon Mar 14 16:19:21 2022
[-0.50158555],[2.64205854],[153.34044074],Mon Mar 14 16:19:21 2022
[-0.49799459],[2.64576649],[154.35539672],Mon Mar 14 16:19:21 2022
[-0.49432319],[2.64580809],[155.62169196],Mon Mar 14 16:19:21 2022
[-0.48719663],[2.64350023],[156.42646433],Mon Mar 14 16:19:21 2022
[-0.4817576],[2.643818],[158.68168098],Mon Mar 14 16:19:21 2022
[-0.47928587],[2.64409306],[159.89223688],Mon Mar 14 16:19:22 2022
[-0.47549123],[2.64422921],[160.61227918],Mon Mar 14 16:19:22 2022
[-0.47184857],[2.64421385],[160.85244501],Mon Mar 14 16:19:22 2022
[-0.47079039],[2.64424307],[161.45826399],Mon Mar 14 16:19:22 2022
[-0.47001611],[2.64484435],[162.34123892],Mon Mar 14 16:19:22 2022
[-0.46938636],[2.6447462],[163.7794061],Mon Mar 14 16:19:22 2022
[-0.46238187],[2.64794208],[163.92970174],Mon Mar 14 16:19:22 2022
[-0.45296167],[2.64644447],[163.62816258],Mon Mar 14 16:19:22 2022
[-0.44504405],[2.64527639],[162.76871147],Mon Mar 14 16:19:22 2022
[-0.43451397],[2.64534304],[162.25243988],Mon Mar 14 16:19:22 2022
[-0.42762546],[2.64455402],[161.74157542],Mon Mar 14 16:19:22 2022
[-0.42172776],[2.64443743],[161.30298788],Mon Mar 14 16:19:22 2022
[-0.41962682],[2.64541221],[161.16565358],Mon Mar 14 16:19:22 2022
[-0.41918155],[2.64572748],[160.99346446],Mon Mar 14 16:19:22 2022
[-0.41945394],[2.64567174],[162.607508],Mon Mar 14 16:19:22 2022
[-0.41285909],[2.64583448],[162.87950043],Mon Mar 14 16:19:22 2022
[-0.40878813],[2.64596601],[163.13681319],Mon Mar 14 16:19:22 2022
[-0.40658168],[2.64488829],[163.52993107],Mon Mar 14 16:19:22 2022
[-0.40522361],[2.64510626],[164.44429993],Mon Mar 14 16:19:22 2022
[-0.40161485],[2.64524295],[164.67737301],Mon Mar 14 16:19:22 2022
[-0.40083477],[2.6452725],[167.14751284],Mon Mar 14 16:19:23 2022
[-0.39613204],[2.64297397],[168.5390525],Mon Mar 14 16:19:23 2022
[-0.39115375],[2.63995808],[173.56633802],Mon Mar 14 16:19:23 2022
[-0.38805648],[2.63748906],[177.50085341],Mon Mar 14 16:19:23 2022
[-0.38734097],[2.63613113],[47.53141115],Mon Mar 14 16:19:23 2022
[-0.38704659],[2.63292821],[15.47430903],Mon Mar 14 16:19:23 2022
[-0.38211146],[2.63149687],[7.82567008],Mon Mar 14 16:19:23 2022
[-0.36735598],[2.63526953],[7.00167642],Mon Mar 14 16:19:23 2022
[-0.36465727],[2.63450316],[7.84310164],Mon Mar 14 16:19:23 2022
[-0.36562115],[2.63246128],[9.0985348],Mon Mar 14 16:19:23 2022
[-0.36641639],[2.63120036],[9.63072292],Mon Mar 14 16:19:23 2022
[-0.36598316],[2.63167371],[10.09915496],Mon Mar 14 16:19:23 2022
[-0.36674987],[2.63317441],[11.31751744],Mon Mar 14 16:19:23 2022
[-0.37152835],[2.6369247],[12.27129064],Mon Mar 14 16:19:23 2022
[-0.37222743],[2.63870925],[12.46662975],Mon Mar 14 16:19:23 2022
[-0.37077993],[2.64321702],[12.06474078],Mon Mar 14 16:19:23 2022
[-0.36812264],[2.65189368],[10.82994166],Mon Mar 14 16:19:23 2022
[-0.36397411],[2.66766661],[9.44877601],Mon Mar 14 16:19:23 2022
[-0.36029638],[2.69179498],[9.44015121],Mon Mar 14 16:19:23 2022
[-0.35844795],[2.70689909],[9.44007025],Mon Mar 14 16:19:24 2022
[-0.35795674],[2.71632549],[9.51868075],Mon Mar 14 16:19:24 2022
[-0.35906224],[2.72847066],[9.26044218],Mon Mar 14 16:19:24 2022
[-0.35646815],[2.75729272],[9.19843946],Mon Mar 14 16:19:24 2022
[-0.35790816],[2.77575518],[9.30801528],Mon Mar 14 16:19:24 2022
[-0.35773371],[2.78578106],[9.63490024],Mon Mar 14 16:19:24 2022
[-0.35637182],[2.79423088],[10.39728546],Mon Mar 14 16:19:24 2022
[-0.35190718],[2.80241348],[10.67024474],Mon Mar 14 16:19:24 2022
[-0.34096167],[2.82497343],[10.69001776],Mon Mar 14 16:19:24 2022
[-0.33764404],[2.83090627],[9.58818562],Mon Mar 14 16:19:24 2022
[-0.32423774],[2.85555903],[9.14086643],Mon Mar 14 16:19:24 2022
[-0.31896152],[2.86721496],[9.6641493],Mon Mar 14 16:19:24 2022
[-0.31215197],[2.87805382],[9.29234228],Mon Mar 14 16:19:24 2022
[-0.30455801],[2.88724114],[8.51432614],Mon Mar 14 16:19:24 2022
[-0.29616885],[2.898745],[8.71179029],Mon Mar 14 16:19:24 2022
[-0.29036867],[2.91210449],[142.14808962],Mon Mar 14 16:19:24 2022
[-0.2836806],[2.92685235],[175.89017217],Mon Mar 14 16:19:24 2022
[-0.27778069],[2.94101071],[184.36450356],Mon Mar 14 16:19:24 2022
[-0.27148843],[2.95220653],[186.91632616],Mon Mar 14 16:19:25 2022
[-0.26448813],[2.96326411],[188.02320293],Mon Mar 14 16:19:25 2022
[-0.2566235],[2.9765898],[188.14233141],Mon Mar 14 16:19:25 2022
[-0.25104514],[2.988898],[187.44147757],Mon Mar 14 16:19:25 2022
[-0.245917],[3.00941541],[186.74733238],Mon Mar 14 16:19:25 2022
[-0.23772121],[3.03117811],[187.88875479],Mon Mar 14 16:19:25 2022
[-0.23134429],[3.04807754],[188.90792067],Mon Mar 14 16:19:25 2022
[-0.22082394],[3.07090781],[188.26672384],Mon Mar 14 16:19:25 2022
[-0.21314448],[3.08915849],[187.43125917],Mon Mar 14 16:19:25 2022
[-0.20528248],[3.10435838],[188.53256984],Mon Mar 14 16:19:25 2022
[-0.19880447],[3.11624041],[188.61221239],Mon Mar 14 16:19:25 2022
[-0.19562071],[3.1212575],[188.41498236],Mon Mar 14 16:19:25 2022
[-0.17906758],[3.14083004],[187.87303648],Mon Mar 14 16:19:25 2022
[-0.16545278],[3.15414398],[189.16722846],Mon Mar 14 16:19:25 2022
[-0.15476575],[3.16347742],[190.21654634],Mon Mar 14 16:19:25 2022
[-0.13685524],[3.17864077],[189.63753309],Mon Mar 14 16:19:25 2022
[-0.11815087],[3.19127838],[188.93394997],Mon Mar 14 16:19:25 2022
[-0.10381197],[3.19993463],[189.82599153],Mon Mar 14 16:19:25 2022
[-0.08636876],[3.20969089],[189.4931779],Mon Mar 14 16:19:25 2022
[-0.0649859],[3.22380115],[190.50914968],Mon Mar 14 16:19:25 2022
[-0.02968451],[3.24571323],[190.21032578],Mon Mar 14 16:19:25 2022
[-0.011306],[3.26086281],[190.3632024],Mon Mar 14 16:19:26 2022
[0.00161735],[3.27107781],[190.02694867],Mon Mar 14 16:19:26 2022
[0.02233876],[3.29011232],[189.83368155],Mon Mar 14 16:19:26 2022
[0.04038904],[3.31035956],[189.59822245],Mon Mar 14 16:19:26 2022
[0.05345076],[3.32498929],[189.62011446],Mon Mar 14 16:19:26 2022
[0.06475966],[3.33659293],[190.342525],Mon Mar 14 16:19:26 2022
[0.07624952],[3.35002668],[190.66254974],Mon Mar 14 16:19:26 2022
[0.09055806],[3.36350208],[190.91665233],Mon Mar 14 16:19:26 2022
[0.10078687],[3.37346812],[191.31502405],Mon Mar 14 16:19:26 2022
[0.10773606],[3.3783446],[191.27082981],Mon Mar 14 16:19:26 2022
[0.11848147],[3.38388354],[191.39462307],Mon Mar 14 16:19:26 2022
[0.1292307],[3.389629],[191.35970316],Mon Mar 14 16:19:26 2022
[0.13542897],[3.39312158],[191.28253104],Mon Mar 14 16:19:26 2022
[0.14378057],[3.39686037],[191.54458568],Mon Mar 14 16:19:26 2022
[0.15112791],[3.39956798],[192.93809695],Mon Mar 14 16:19:26 2022
[0.16080074],[3.40278088],[193.73708284],Mon Mar 14 16:19:26 2022
[0.17340021],[3.40734093],[193.77022909],Mon Mar 14 16:19:26 2022
[0.18372766],[3.4106654],[194.15336878],Mon Mar 14 16:19:26 2022
[0.19204278],[3.41372327],[194.64411927],Mon Mar 14 16:19:26 2022
[0.21277255],[3.42364713],[194.35968812],Mon Mar 14 16:19:26 2022
[0.22636699],[3.43059918],[194.644512],Mon Mar 14 16:19:27 2022
[0.23545601],[3.43769744],[194.0068014],Mon Mar 14 16:19:27 2022
[0.25408991],[3.45662756],[194.95134513],Mon Mar 14 16:19:27 2022
[0.26281395],[3.46532264],[195.44379131],Mon Mar 14 16:19:27 2022
[0.27121282],[3.47496099],[195.68109368],Mon Mar 14 16:19:27 2022
[0.28226797],[3.48807818],[196.21047457],Mon Mar 14 16:19:27 2022
[0.29013007],[3.49874943],[196.54600124],Mon Mar 14 16:19:27 2022
[0.2954025],[3.5084093],[197.14797334],Mon Mar 14 16:19:27 2022
[0.31068408],[3.52595925],[197.52085855],Mon Mar 14 16:19:27 2022
[0.3183977],[3.53414333],[197.97250215],Mon Mar 14 16:19:27 2022
[0.3239426],[3.54153433],[198.49932358],Mon Mar 14 16:19:27 2022
[0.32646297],[3.54928973],[199.11005648],Mon Mar 14 16:19:27 2022
[0.32718501],[3.55428234],[199.5512472],Mon Mar 14 16:19:27 2022
[0.32838793],[3.55998139],[199.93062266],Mon Mar 14 16:19:27 2022
[0.33067944],[3.56630422],[200.12611306],Mon Mar 14 16:19:27 2022
[0.33341243],[3.57266071],[200.21386179],Mon Mar 14 16:19:27 2022
[0.33475568],[3.57626766],[200.28959413],Mon Mar 14 16:19:27 2022
[0.33570367],[3.58238055],[200.39659631],Mon Mar 14 16:19:27 2022
[0.33614144],[3.58923877],[200.87402129],Mon Mar 14 16:19:28 2022
[0.33662065],[3.5982645],[201.1707033],Mon Mar 14 16:19:28 2022
[0.3371705],[3.60465107],[201.51079578],Mon Mar 14 16:19:28 2022
[0.33698501],[3.61325263],[202.10776341],Mon Mar 14 16:19:28 2022
[0.33843875],[3.62904977],[202.37431742],Mon Mar 14 16:19:28 2022
[0.34237274],[3.64282162],[202.59019362],Mon Mar 14 16:19:28 2022
[0.34313888],[3.65267324],[203.0153975],Mon Mar 14 16:19:28 2022
[0.34075941],[3.66987477],[203.15410122],Mon Mar 14 16:19:28 2022
[0.3389766],[3.67897593],[203.39542344],Mon Mar 14 16:19:28 2022
[0.33706036],[3.68636411],[203.83146456],Mon Mar 14 16:19:28 2022
[0.33380186],[3.69669045],[203.9733004],Mon Mar 14 16:19:28 2022
[0.3315702],[3.70186891],[204.00945442],Mon Mar 14 16:19:28 2022
[0.3310878],[3.7029883],[204.01654578],Mon Mar 14 16:19:28 2022
[0.33005908],[3.70475755],[204.0266231],Mon Mar 14 16:19:28 2022
[0.32955097],[3.70638791],[204.02767246],Mon Mar 14 16:19:28 2022
[0.3293328],[3.70767152],[204.02799033],Mon Mar 14 16:19:28 2022
[0.32929685],[3.70881347],[204.04605614],Mon Mar 14 16:19:29 2022
[0.32943681],[3.71009203],[204.18387242],Mon Mar 14 16:19:29 2022
[0.32859813],[3.71120583],[204.30139878],Mon Mar 14 16:19:29 2022
[0.32801418],[3.71155905],[204.4127752],Mon Mar 14 16:19:29 2022
[0.32764794],[3.71196727],[204.49943826],Mon Mar 14 16:19:29 2022
[0.32761578],[3.71142431],[204.50857159],Mon Mar 14 16:19:29 2022
[0.32610848],[3.71042731],[204.49725356],Mon Mar 14 16:19:29 2022
[0.3257647],[3.71003909],[204.41489976],Mon Mar 14 16:19:29 2022
[0.32484015],[3.70894698],[204.31519116],Mon Mar 14 16:19:29 2022
[0.32391708],[3.70783031],[204.23115138],Mon Mar 14 16:19:29 2022
[0.32309468],[3.70660909],[204.18769339],Mon Mar 14 16:19:29 2022
[0.32179155],[3.70573871],[204.33810146],Mon Mar 14 16:19:29 2022
[0.31708092],[3.70281404],[204.30860576],Mon Mar 14 16:19:29 2022
[0.3138258],[3.70158253],[204.18429315],Mon Mar 14 16:19:29 2022
[0.31150016],[3.69842256],[204.04825448],Mon Mar 14 16:19:29 2022
[0.31065195],[3.69488956],[203.63860909],Mon Mar 14 16:19:29 2022
[0.30927133],[3.6916442],[203.46869715],Mon Mar 14 16:19:29 2022
[0.30833194],[3.69017388],[203.39729265],Mon Mar 14 16:19:29 2022
[0.30737525],[3.68904311],[203.3790916],Mon Mar 14 16:19:29 2022
[0.30716845],[3.68879868],[203.30959491],Mon Mar 14 16:19:29 2022
[0.30635332],[3.68707229],[203.11209486],Mon Mar 14 16:19:29 2022
[0.30517235],[3.68494952],[202.92520965],Mon Mar 14 16:19:30 2022
[0.30370824],[3.68306552],[202.73919472],Mon Mar 14 16:19:30 2022
[0.30220897],[3.68099341],[202.43565204],Mon Mar 14 16:19:30 2022
[0.30006603],[3.67757635],[202.12621092],Mon Mar 14 16:19:30 2022
[0.29769668],[3.67464765],[201.85276156],Mon Mar 14 16:19:30 2022
[0.29560448],[3.67120716],[201.61196467],Mon Mar 14 16:19:30 2022
[0.29388544],[3.66839648],[201.51902976],Mon Mar 14 16:19:30 2022
[0.29331796],[3.66737134],[201.21217397],Mon Mar 14 16:19:30 2022
[0.29111952],[3.66405589],[200.53623603],Mon Mar 14 16:19:30 2022
[0.28516675],[3.65557526],[200.10741468],Mon Mar 14 16:19:30 2022
[0.28182622],[3.64996996],[200.14888132],Mon Mar 14 16:19:30 2022
[0.27700302],[3.63922059],[199.54598414],Mon Mar 14 16:19:30 2022
[0.27189527],[3.6281722],[198.87114208],Mon Mar 14 16:19:30 2022
[0.26710779],[3.6177793],[198.03545273],Mon Mar 14 16:19:30 2022
[0.26124781],[3.6049994],[197.05925427],Mon Mar 14 16:19:30 2022
[0.25463751],[3.58922445],[196.33046626],Mon Mar 14 16:19:30 2022
[0.24947243],[3.57799608],[196.20684801],Mon Mar 14 16:19:30 2022
[0.2421944],[3.56326053],[195.0602995],Mon Mar 14 16:19:30 2022
[0.22649395],[3.5289141],[193.75428483],Mon Mar 14 16:19:31 2022
[0.21775266],[3.50091661],[192.67296212],Mon Mar 14 16:19:31 2022
[0.21388915],[3.48030492],[190.86216135],Mon Mar 14 16:19:31 2022
[0.21312785],[3.4408258],[188.78323777],Mon Mar 14 16:19:31 2022
[0.21599786],[3.41214638],[187.27714902],Mon Mar 14 16:19:31 2022
[0.21896951],[3.39386668],[186.00739332],Mon Mar 14 16:19:31 2022
[0.22101773],[3.37835265],[184.69188819],Mon Mar 14 16:19:31 2022
[0.22145923],[3.3632863],[183.2351169],Mon Mar 14 16:19:31 2022
[0.21936924],[3.34406132],[181.55600552],Mon Mar 14 16:19:31 2022
[0.21898531],[3.32954269],[180.53668566],Mon Mar 14 16:19:31 2022
[0.21923705],[3.32305526],[178.79340198],Mon Mar 14 16:19:31 2022
[0.21884696],[3.31583994],[178.5132887],Mon Mar 14 16:19:31 2022
[0.21805076],[3.31365339],[178.0403914],Mon Mar 14 16:19:31 2022
[0.21720632],[3.31216868],[178.10464483],Mon Mar 14 16:19:31 2022
[0.21650253],[3.31148284],[178.59747652],Mon Mar 14 16:19:31 2022
[0.21563756],[3.30969293],[178.56836481],Mon Mar 14 16:19:31 2022
[0.21429491],[3.30884719],[178.51214448],Mon Mar 14 16:19:31 2022
[0.21282537],[3.30791572],[178.48508813],Mon Mar 14 16:19:31 2022
[0.21134028],[3.30720705],[178.52763035],Mon Mar 14 16:19:32 2022
[0.20960041],[3.30636724],[181.99208283],Mon Mar 14 16:19:32 2022
[0.20750372],[3.30634101],[183.0263595],Mon Mar 14 16:19:32 2022
[0.20562741],[3.30609078],[186.07660817],Mon Mar 14 16:19:32 2022
[0.20082256],[3.30593503],[186.85411807],Mon Mar 14 16:19:32 2022
[0.19978392],[3.30590137],[189.22755563],Mon Mar 14 16:19:32 2022
[0.19329588],[3.30517959],[190.20503296],Mon Mar 14 16:19:32 2022
[0.18920591],[3.30413298],[191.91653601],Mon Mar 14 16:19:32 2022
[0.17665147],[3.30061941],[193.11891166],Mon Mar 14 16:19:32 2022
[0.16749152],[3.29815542],[194.63430091],Mon Mar 14 16:19:32 2022
[0.16008337],[3.29496441],[195.99835781],Mon Mar 14 16:19:32 2022
[0.14614143],[3.28721906],[196.60866999],Mon Mar 14 16:19:32 2022
[0.13726154],[3.28243612],[197.25563702],Mon Mar 14 16:19:32 2022
[0.12686356],[3.27720658],[198.636623],Mon Mar 14 16:19:32 2022
[0.1125506],[3.27129215],[201.44156413],Mon Mar 14 16:19:32 2022
[0.07622297],[3.25628467],[202.24354795],Mon Mar 14 16:19:32 2022
[0.06782271],[3.25220027],[202.73099897],Mon Mar 14 16:19:32 2022
[0.06031229],[3.24821885],[203.38250817],Mon Mar 14 16:19:32 2022
[0.05379458],[3.244642],[203.35234547],Mon Mar 14 16:19:33 2022
[0.04097978],[3.23837982],[204.5682847],Mon Mar 14 16:19:33 2022
[0.01792606],[3.22880968],[204.84536932],Mon Mar 14 16:19:33 2022
[0.00340419],[3.22236407],[204.86788487],Mon Mar 14 16:19:33 2022
[-0.00790164],[3.21771904],[204.65332746],Mon Mar 14 16:19:33 2022
[-0.02369322],[3.20850088],[205.28691639],Mon Mar 14 16:19:33 2022
[-0.05632267],[3.19428638],[205.44814554],Mon Mar 14 16:19:33 2022
[-0.09842984],[3.16990041],[205.23653643],Mon Mar 14 16:19:33 2022
[-0.11237757],[3.16176236],[205.44054677],Mon Mar 14 16:19:33 2022
[-0.12952664],[3.15306734],[205.83414927],Mon Mar 14 16:19:33 2022
[-0.14937044],[3.14631438],[206.11113657],Mon Mar 14 16:19:33 2022
[-0.15919722],[3.14316739],[206.25662263],Mon Mar 14 16:19:33 2022
